{"cameraMode":{"drawMode":0,"name":"Shaded","section":"Shading Mode"},"sceneLighting":true,"audioPlay":false,"sceneViewState":{"showFog":true,"showMaterialUpdate":false,"showSkybox":true,"showFlares":true,"showImageEffects":true,"showParticleSystems":true},"in2DMode":false,"pivot":{"x":5.397214889526367,"y":-6.1364946365356449,"z":34.459590911865237},"rotation":{"x":0.2467077672481537,"y":-0.014540870673954487,"z":0.003701800713315606,"w":0.9689764976501465},"size":8.508621215820313,"orthographic":false}