{"cameraMode":{"drawMode":0,"name":"Shaded","section":"Shading Mode"},"sceneLighting":true,"audioPlay":false,"sceneViewState":{"showFog":true,"showMaterialUpdate":false,"showSkybox":true,"showFlares":true,"showImageEffects":true,"showParticleSystems":true},"in2DMode":false,"pivot":{"x":11.001363754272461,"y":11.21511459350586,"z":107.80724334716797},"rotation":{"x":0.24244865775108338,"y":0.6730742454528809,"z":-0.2501322329044342,"w":0.6523996591567993},"size":22.400197982788087,"orthographic":false}