{"cameraMode":{"drawMode":0,"name":"Shaded","section":"Shading Mode"},"sceneLighting":false,"audioPlay":false,"sceneViewState":{"showFog":true,"showMaterialUpdate":false,"showSkybox":false,"showFlares":true,"showImageEffects":true,"showParticleSystems":true},"in2DMode":false,"pivot":{"x":0.008373677730560303,"y":0.40199750661849978,"z":-0.021866634488105775},"rotation":{"x":0.22687654197216035,"y":-0.723927915096283,"z":0.2789623439311981,"w":0.5887620449066162},"size":1.1928751468658448,"orthographic":false}