{"cameraMode":{"drawMode":0,"name":"Shaded","section":"Shading Mode"},"sceneLighting":true,"audioPlay":false,"sceneViewState":{"showFog":true,"showMaterialUpdate":false,"showSkybox":true,"showFlares":true,"showImageEffects":true,"showParticleSystems":true},"in2DMode":false,"pivot":{"x":3.480778694152832,"y":-0.41638755798339846,"z":-1.8185653686523438},"rotation":{"x":-0.06138885021209717,"y":0.9377667307853699,"z":-0.2613625228404999,"w":-0.22026307880878449},"size":10.0,"orthographic":false}