{"cameraMode":{"drawMode":0,"name":"Shaded","section":"Shading Mode"},"sceneLighting":false,"audioPlay":false,"sceneViewState":{"showFog":true,"showMaterialUpdate":false,"showSkybox":false,"showFlares":true,"showImageEffects":true,"showParticleSystems":true},"in2DMode":false,"pivot":{"x":-0.6063892841339111,"y":0.18714356422424317,"z":-0.37172210216522219},"rotation":{"x":0.3273981809616089,"y":0.26562264561653139,"z":-0.09645170718431473,"w":0.9016408324241638},"size":1.492875099182129,"orthographic":false}