{"cameraMode":{"drawMode":0,"name":"Shaded","section":"Shading Mode"},"sceneLighting":true,"audioPlay":false,"sceneViewState":{"showFog":true,"showMaterialUpdate":false,"showSkybox":true,"showFlares":true,"showImageEffects":true,"showParticleSystems":true},"in2DMode":false,"pivot":{"x":32.63849639892578,"y":1.6140751838684083,"z":9.186430931091309},"rotation":{"x":0.3249453008174896,"y":-0.6381845474243164,"z":0.3403165638446808,"w":0.609358549118042},"size":3.3959221839904787,"orthographic":false}