{"cameraMode":{"drawMode":0,"name":"Shaded","section":"Shading Mode"},"sceneLighting":true,"audioPlay":false,"sceneViewState":{"showFog":true,"showMaterialUpdate":false,"showSkybox":false,"showFlares":true,"showImageEffects":true,"showParticleSystems":true},"in2DMode":false,"pivot":{"x":-0.033500075340270999,"y":0.27699995040893557,"z":0.006999969482421875},"rotation":{"x":0.3471924960613251,"y":0.6130584478378296,"z":-0.34243521094322207,"w":0.6215748190879822},"size":2.3477065563201906,"orthographic":false}