{"cameraMode":{"drawMode":0,"name":"Shaded","section":"Shading Mode"},"sceneLighting":true,"audioPlay":false,"sceneViewState":{"showFog":true,"showMaterialUpdate":false,"showSkybox":true,"showFlares":true,"showImageEffects":true,"showParticleSystems":true},"in2DMode":false,"pivot":{"x":23.256704330444337,"y":8.773494720458985,"z":22.4971981048584},"rotation":{"x":0.616942286491394,"y":0.02949647046625614,"z":-0.023142078891396524,"w":0.7861221432685852},"size":20.916370391845704,"orthographic":false}