{"cameraMode":{"drawMode":0,"name":"Shaded","section":"Shading Mode"},"sceneLighting":true,"audioPlay":false,"sceneViewState":{"showFog":true,"showMaterialUpdate":false,"showSkybox":false,"showFlares":true,"showImageEffects":true,"showParticleSystems":true},"in2DMode":false,"pivot":{"x":-0.222692608833313,"y":-0.1593320369720459,"z":0.023293405771255494},"rotation":{"x":0.22271357476711274,"y":0.6337603330612183,"z":-0.19771131873130799,"w":0.7139031887054443},"size":0.5477067232131958,"orthographic":false}