{"cameraMode":{"drawMode":0,"name":"Shaded","section":"Shading Mode"},"sceneLighting":true,"audioPlay":false,"sceneViewState":{"showFog":true,"showMaterialUpdate":false,"showSkybox":false,"showFlares":true,"showImageEffects":true,"showParticleSystems":true},"in2DMode":false,"pivot":{"x":0.002009555697441101,"y":0.11494863778352738,"z":0.004820317029953003},"rotation":{"x":0.3471924960613251,"y":0.6130584478378296,"z":-0.34243521094322207,"w":0.6215748190879822},"size":0.16232828795909882,"orthographic":false}