{"cameraMode":{"drawMode":0,"name":"Shaded","section":"Shading Mode"},"sceneLighting":true,"audioPlay":false,"sceneViewState":{"showFog":true,"showMaterialUpdate":false,"showSkybox":true,"showFlares":true,"showImageEffects":true,"showParticleSystems":true},"in2DMode":false,"pivot":{"x":-5.0500030517578129,"y":23.389991760253908,"z":-5.0500030517578129},"rotation":{"x":0.616942286491394,"y":0.02949647046625614,"z":-0.023142078891396524,"w":0.7861221432685852},"size":1428.7425537109375,"orthographic":false}