{"cameraMode":{"drawMode":0,"name":"Shaded","section":"Shading Mode"},"sceneLighting":true,"audioPlay":false,"sceneViewState":{"showFog":true,"showMaterialUpdate":false,"showSkybox":false,"showFlares":true,"showImageEffects":true,"showParticleSystems":true},"in2DMode":false,"pivot":{"x":0.3447446823120117,"y":0.028688669204711915,"z":-0.04474721848964691},"rotation":{"x":0.19521252810955048,"y":0.7162808775901794,"z":-0.2210991382598877,"w":0.6324161291122437},"size":1.447706699371338,"orthographic":false}