{"cameraMode":{"drawMode":0,"name":"Shaded","section":"Shading Mode"},"sceneLighting":true,"audioPlay":false,"sceneViewState":{"showFog":true,"showMaterialUpdate":false,"showSkybox":true,"showFlares":true,"showImageEffects":true,"showParticleSystems":true},"in2DMode":false,"pivot":{"x":48.34846496582031,"y":-14.763890266418457,"z":19.952266693115236},"rotation":{"x":0.2377808541059494,"y":0.4746115803718567,"z":-0.13488347828388215,"w":0.8366685509681702},"size":19.652225494384767,"orthographic":false}