{"cameraMode":{"drawMode":0,"name":"Shaded","section":"Shading Mode"},"sceneLighting":false,"audioPlay":false,"sceneViewState":{"showFog":true,"showMaterialUpdate":false,"showSkybox":false,"showFlares":true,"showImageEffects":true,"showParticleSystems":true},"in2DMode":false,"pivot":{"x":0.008373677730560303,"y":0.40199750661849978,"z":-0.021866634488105775},"rotation":{"x":0.22271357476711274,"y":0.6337603330612183,"z":-0.19771131873130799,"w":0.7139031887054443},"size":0.892875075340271,"orthographic":false}