{"cameraMode":{"drawMode":0,"name":"Shaded","section":"Shading Mode"},"sceneLighting":true,"audioPlay":false,"sceneViewState":{"showFog":true,"showMaterialUpdate":false,"showSkybox":true,"showFlares":true,"showImageEffects":true,"showParticleSystems":true},"in2DMode":false,"pivot":{"x":27.706024169921876,"y":3.810297966003418,"z":11.002737045288086},"rotation":{"x":0.2581924796104431,"y":-0.18835046887397767,"z":0.051398854702711108,"w":0.9461613297462463},"size":7.582439422607422,"orthographic":false}