{"cameraMode":{"drawMode":0,"name":"Shaded","section":"Shading Mode"},"sceneLighting":false,"audioPlay":false,"sceneViewState":{"showFog":true,"showMaterialUpdate":false,"showSkybox":false,"showFlares":true,"showImageEffects":true,"showParticleSystems":true},"in2DMode":false,"pivot":{"x":0.030261218547821046,"y":0.7426810264587402,"z":-0.03627178072929382},"rotation":{"x":0.3168301582336426,"y":0.5928029417991638,"z":-0.2728760242462158,"w":0.6882902383804321},"size":1.0460189580917359,"orthographic":false}