{"cameraMode":{"drawMode":0,"name":"Shaded","section":"Shading Mode"},"sceneLighting":true,"audioPlay":false,"sceneViewState":{"showFog":true,"showMaterialUpdate":false,"showSkybox":true,"showFlares":true,"showImageEffects":true,"showParticleSystems":true},"in2DMode":false,"pivot":{"x":24.924413681030275,"y":1.3725454807281495,"z":13.117334365844727},"rotation":{"x":0.39219772815704348,"y":-0.23060348629951478,"z":0.10223759710788727,"w":0.8846248984336853},"size":1.9228415489196778,"orthographic":false}